title,channel,publishedAt,duration_min,views,likes,comments,url,video_id,subscriber_count,channel_age_days,language,category_id,category_name,hashtags,channel_description
Parwarish Episode 16 | Aina Asif | Samar Jafri | 27 May 2025 | ARY Digital Drama,ARY Digital HD,2025-05-27T17:50:09Z,39.62,1761591,40348,1696,https://www.youtube.com/watch?v=gLGTz0_khmQ,gLGTz0_khmQ,,,,,,,
The Mystery Surrounding Crop Circles,JRE Clips,2025-05-27T17:01:41Z,15.23,535940,14978,2826,https://www.youtube.com/watch?v=Q-xFWVx5k3w,Q-xFWVx5k3w,,,,,,,
Minecraft PokÃ©mon: Mi Primer PokÃ©mon! #1,VEGETTA777,2025-05-27T19:00:53Z,53.67,496243,68056,1597,https://www.youtube.com/watch?v=o3PwI5CZKvQ,o3PwI5CZKvQ,,,,,,,
Aye Dil Jee Le Zaraa - Full Episode 38 | 27 May 2025 | New Show | Dangal TV,Dangal TV Channel,2025-05-27T17:00:04Z,22.37,433309,8973,126,https://www.youtube.com/watch?v=2mRfqQEz1CY,2mRfqQEz1CY,,,,,,,
ğŸ”´ EN VIVO BLN: EL BATALLÃ“Nâ¤ï¸ğŸ’™| 27 DE MAYO,Red Oromar,2025-05-28T03:37:50Z,155.67,349780,3756,119,https://www.youtube.com/watch?v=WKgSzq6dqtY,WKgSzq6dqtY,,,,,,,
ESTOURE O BALÃƒO OU ENCONTRE SEU AMOR! EP:22,PEIXE,2025-05-27T22:00:08Z,26.93,316440,18710,447,https://www.youtube.com/watch?v=kXmh_QcOSp4,kXmh_QcOSp4,,,,,,,
ğ™ğ™šğ™¡ğ™–ğ™­ğ™ğ™£ğ™œ ğ™ğ™ ğ™ğ™£ğ™˜ğ™–ğ™§ğ™š ğ™ğ™¤ğ™ªğ™©ğ™ğ™£ğ™š ğ˜¾ğ™¡ğ™šğ™–ğ™£ğ™¨ğ™ğ™£ğ™œ ğ™›ğ™¤ğ™§ ğ™– ğ™‹ğ™šğ™–ğ™˜ğ™šğ™›ğ™ªğ™¡ ğ™ˆğ™ğ™£ğ™™ #43911,ÙŠÙ„Ø§ Ø­ÙƒØ§ÙŠØ§Øª_Yla Hkiat,2025-05-27T17:00:28Z,38.47,263812,0,84,https://www.youtube.com/watch?v=FwYyb46v5NU,FwYyb46v5NU,,,,,,,
BAÅIMA GELEN Ä°NANILMAZ OLAY!! (FÄ°LM GÄ°BÄ°),Deli Mi Ne?,2025-05-27T17:00:06Z,45.63,216889,14765,909,https://www.youtube.com/watch?v=-v_UqFLWNkU,-v_UqFLWNkU,,,,,,,
ğŸ”¥Postura violenta de senador que ameaÃ§ou enfocar Marina foi estopim para que ela deixasse comissÃ£oğŸ”¥,MÃ­dia NINJA,2025-05-27T19:12:39Z,13.9,153820,11993,2157,https://www.youtube.com/watch?v=WFck201Agjo,WFck201Agjo,,,,,,,
"SHOCKING: Diddy COVERS HIS FACE as S*x Slave Details ""Torture Room"" in His Mansion!",Explore countries,2025-05-27T16:30:14Z,46.08,149796,2994,309,https://www.youtube.com/watch?v=hh89syvcfy4,hh89syvcfy4,,,,,,,
BOTAFOGO 1 x 0 UNIVERSIDAD DE CHILE - Libertadores - 6Âª rodada - 27/05/2025 - AO VIVO,Tupi Esportes,2025-05-28T03:10:53Z,177.85,144961,2487,5,https://www.youtube.com/watch?v=8_MlFLHAoDk,8_MlFLHAoDk,,,,,,,
"Headstart: Political analyst Ronald Llamas on a Marcos-Duterte reconciliation, Cabinet revamp | ANC",ANC 24/7,2025-05-28T01:19:42Z,23.6,137377,1297,660,https://www.youtube.com/watch?v=REI77JAUObY,REI77JAUObY,,,,,,,
CapÃ­tulo 51/ Temporada 5,SIN FILTROS TV,2025-05-28T02:20:43Z,146.45,136783,3898,330,https://www.youtube.com/watch?v=n6dEF4ihins,n6dEF4ihins,,,,,,,
New York Knicks vs Indiana Pacers Game 4 | Live Play-By-Play & Reactions,The Sports Fury,2025-05-28T04:21:43Z,256.7,134137,2549,3,https://www.youtube.com/watch?v=fcKP-8fNkrU,fcKP-8fNkrU,,,,,,,
Something Insane is Happening on the US Treasury Market...,Bravos Research,2025-05-27T16:40:03Z,6.12,133009,3609,183,https://www.youtube.com/watch?v=fj9cjcFkFko,fj9cjcFkFko,,,,,,,
"FAROESTE Ã€ BRASILEIRA, com Tiago Pavinatto - 27/05/2025",Revista Oeste,2025-05-27T19:09:18Z,125.35,131592,27308,59,https://www.youtube.com/watch?v=arlJtBJvrr8,arlJtBJvrr8,,,,,,,
"[ì¤‘êµ­ê´€ì°°] [Why Times ì •ì„¸ë¶„ì„ 3350] ì‹œì§„í•‘ ì¶•ì¶œ ì•ë‘” ì¤‘êµ­, í›„ê³„ìëŠ” ëˆ„ê°€ ê±°ë¡ ë˜ë‚˜? (2025.5.28)",Why Times,2025-05-27T20:00:41Z,10.92,118170,10110,369,https://www.youtube.com/watch?v=zwp-mfXrEoI,zwp-mfXrEoI,,,,,,,
Kante film - KORO - Saison 1 - Episode 055,Kante ,2025-05-27T19:30:07Z,9.9,114108,8119,347,https://www.youtube.com/watch?v=yP8vk7u3JLA,yP8vk7u3JLA,,,,,,,
à¸™à¸±à¸™à¸—à¸™à¸²à¹à¸–à¸¥à¸‡à¸„à¸·à¸šà¸«à¸™à¹‰à¸²à¸£à¸§à¸¡à¸£à¸²à¸¢à¸Šà¸·à¹ˆà¸­à¸‚à¸­à¹ƒà¸«à¹‰ à¸ªà¸§. à¸«à¸¢à¸¸à¸”à¸›à¸à¸´à¸šà¸±à¸•à¸´à¸«à¸™à¹‰à¸²à¸—à¸µà¹ˆ | THE STANDARD (LIVE),THE STANDARD,2025-05-28T04:36:50Z,22.93,107961,4114,954,https://www.youtube.com/watch?v=wQmFrsqlprE,wQmFrsqlprE,,,,,,,
Chicken P feat. G Herbo -  Peter Piper (Official Video),Chicken P,2025-05-27T19:00:07Z,3.97,93750,7223,362,https://www.youtube.com/watch?v=7yrT5eImSMU,7yrT5eImSMU,,,,,,,
Throwing the PILOT Out of the Plane - Newton's Playground VR,Fudgy,2025-05-27T18:00:44Z,10.48,87313,1239,108,https://www.youtube.com/watch?v=jJj9Z61WmUk,jJj9Z61WmUk,,,,,,,
"[ì˜¤ëŠ˜ ì´ ë‰´ìŠ¤] ""ì••ë„ì  í•´ë¡œì›€"" ëŒ€í•™ìƒ í­ë°œ ""ì´ì¤€ì„ì‹ ì •ì¹˜ëŠ” ì‚¬ë¼ì ¸ì•¼"" (2025.05.28/MBCë‰´ìŠ¤)",MBCNEWS,2025-05-28T07:53:59Z,6.33,83615,10764,2077,https://www.youtube.com/watch?v=p3ieJqV5P7c,p3ieJqV5P7c,,,,,,,
WONTUMI IN WHO IS NEXT ?,LOUD SILENCE TV,2025-05-27T23:17:14Z,173.4,79673,2957,51,https://www.youtube.com/watch?v=LufKFQucNGI,LufKFQucNGI,,,,,,,
Trump's UNHINGED Memorial Day meltdown goes OFF THE RAILS,David Pakman Show,2025-05-27T20:00:12Z,11.38,72287,4324,746,https://www.youtube.com/watch?v=D4wcq125Y4M,D4wcq125Y4M,,,,,,,
[ì„ ê³µê°œ] êµ­ë‚´ ìµœì´ˆ ìì—° ì„ì‹  ë‹¤ì„¯ìŒë‘¥ì´! ìœŒë²¤í˜•ì œë„ ì‚¬ë‘ì— ë¹ ì§„ ì˜¤ë‘¥ì´ì˜ íŠ¹ë³„í•œ ìœ í€´ì¦ˆ ë‚˜ë“¤ì´ ê³µê°œğŸ’•#ìœ í€´ì¦ˆì˜¨ë”ë¸”ëŸ­ | YOU QUIZ ON THE BLOCK EP.295,ìœ  í€´ì¦ˆ ì˜¨ ë” íŠœë¸Œ,2025-05-28T02:41:47Z,2.85,70553,957,56,https://www.youtube.com/watch?v=m8f6MIxzKUg,m8f6MIxzKUg,,,,,,,
DÃ n Pc 200 Cá»§ ğŸ  Cá»§a Joi FF Sáº½ NhÆ° Tháº¿ NÃ o ???,Joi Táº¥u HÃ i,2025-05-28T03:30:11Z,17.5,64854,1448,194,https://www.youtube.com/watch?v=ZNhEfisj7LE,ZNhEfisj7LE,,,,,,,
Pandoy is live! Tongits ng hapon â¤ï¸,Pandoy,2025-05-28T07:28:12Z,119.9,61524,252,1,https://www.youtube.com/watch?v=jVoc_dJimdU,jVoc_dJimdU,,,,,,,
BOTAFOGO 1 X 0 UNIVERSIDAD DE CHILE | O BOTAFOGO Ã‰ PARA QUEM ACREDITA! RESPEITEM O CAMPEÃƒO,Canal do TF - Tudo sobre o Glorioso,2025-05-28T03:53:14Z,70.03,57607,7834,21,https://www.youtube.com/watch?v=VMcCIeLq0x8,VMcCIeLq0x8,,,,,,,
×™×©×¨××œ × ×œ×—××ª I ×”×¦×˜×¨×¤×• ×œ×©×™×“×•×¨ ×”×—×™,C14,2025-05-28T06:23:36Z,715.0,55409,1173,0,https://www.youtube.com/watch?v=gdix-Uv2Mqw,gdix-Uv2Mqw,,,,,,,
Tv9 Marathi News Top Headline Today | 28 MAY 2025 | 10 AM | 4 Minute 24 Headline Maharashtra,TV9 Marathi,2025-05-28T04:37:12Z,3.8,53196,0,4,https://www.youtube.com/watch?v=U_X_HZ-9RjA,U_X_HZ-9RjA,,,,,,,
El TENEBROSO Testigo de URIBE Â¡TUSO SIERRA! Fiscal no Pudo CONTRA-INTERROGAR,Andres con Sisben,2025-05-27T18:44:26Z,10.45,50259,3645,395,https://www.youtube.com/watch?v=sjbG2EGTrj0,sjbG2EGTrj0,,,,,,,
City of Toronto promotes glorified shipping containers as future of affordable housing,Rebel News,2025-05-27T18:24:30Z,5.95,49122,1928,1079,https://www.youtube.com/watch?v=kVr5dtsN70w,kVr5dtsN70w,,,,,,,
"MeanWhileInchicago Ep. 49 ""Streamer University"" #Skinbone",SkinBone,2025-05-28T01:00:06Z,27.8,47533,1833,220,https://www.youtube.com/watch?v=Ib9KhUl1pt0,Ib9KhUl1pt0,,,,,,,
"Hari Hara Veera Mallu Grand Press Meet - Chennai LIVE | PSPK, Nidhhi Agerwal | Jyothi Krisna",Mega Surya Production,2025-05-28T07:55:07Z,117.27,46287,3013,10,https://www.youtube.com/watch?v=I8q3vSkekqs,I8q3vSkekqs,,,,,,,
PobbRose ÄÃ€O Há» 1 láº§n vs ÄÃ€O BÃƒI RÃC 99999 láº§n *kÃ¨o thÆ¡m* !!! (ThÃ¡nh ÄÃ o Há»‘) âœ”,PobbRose,2025-05-28T03:00:06Z,16.37,40353,673,30,https://www.youtube.com/watch?v=AHpefTQLpEw,AHpefTQLpEw,,,,,,,
Live Police Chase in L.A,Live Police Chases,2025-05-28T00:43:59Z,22.62,40185,937,21,https://www.youtube.com/watch?v=Vv_iuIpxbj4,Vv_iuIpxbj4,,,,,,,
"à¸ªà¸¸à¸”à¹† ""à¹€à¸›à¸¥à¸§à¸ªà¸µà¹€à¸‡à¸´à¸™"" à¸¡à¸­à¸šà¸ªà¹‚à¸¥à¹à¸à¸™à¹ƒà¸«à¹‰ ""à¸•à¸£à¸°à¸à¸¹à¸¥à¸Šà¸´à¸™"" à¸„à¸¸à¸à¸§à¸±à¸™à¹€à¸”à¸µà¸¢à¸§à¸à¹‡à¹„à¸¡à¹ˆà¸•à¸´à¸” à¹€à¸‡à¸´à¸™à¸à¹‡à¹„à¸¡à¹ˆà¸ˆà¹ˆà¸²à¸¢ | à¸‚à¹ˆà¸²à¸§à¸¡à¸µà¸„à¸¡ | à¸Šà¹ˆà¸§à¸‡2",TOP NEWS,2025-05-28T03:28:50Z,52.43,34452,1102,168,https://www.youtube.com/watch?v=GYekWzFuHxo,GYekWzFuHxo,,,,,,,
"Jesse Watters Primetime 5/27/25 HD | á‘Eá—¯S Tá–‡á‘Œá—°á‘­ May 27, 2025 Reading Titles By Me",Ø¨ÙˆØ§Ø¨Ø© Ø§Ù„Ø¹Ù„ÙˆÙ…,2025-05-28T02:12:47Z,150.22,33922,393,3,https://www.youtube.com/watch?v=mJLIT_OW3Jk,mJLIT_OW3Jk,,,,,,,
"Gutfeld! 5/27/25 FULL END SHOW | FOX BREAKING NEWS TRUMP May 27, 2025", ELIS TRAVAIN DECORA,2025-05-28T03:04:00Z,42.32,33339,1251,54,https://www.youtube.com/watch?v=BLQK1Fm5cQs,BLQK1Fm5cQs,,,,,,,
Inside the NBA: Chuck Picks OKC Thunder to Win the 2025 Championship ğŸ†,House of Highlights,2025-05-27T23:39:09Z,4.9,31497,465,161,https://www.youtube.com/watch?v=MawjgeVcjF0,MawjgeVcjF0,,,,,,,
"LA 1á„á…¥á†«á„‹á…§ á„†á…§á†¼ á„‚á…¡á†«á„ƒá…©á†¼...""á„€á…§á†¼á„á…¡á†¯ á„€á…©á†¼á„€á…§á†¨á„‹á…¦ á„‘á…©á†¨á„…á…§á†¨á„‰á…¡á„á…¢ á„á…¡á„Œá…µ"" / 2025. 05. 27",KBS America,2025-05-28T02:11:26Z,22.92,30800,606,90,https://www.youtube.com/watch?v=SlSWHNGH1J0,SlSWHNGH1J0,,,,,,,
"Superman's Nicholas Hoult & David Corenswet Play ""Truth, Dare or Farkle"" | Wonderland Magazine",Wonderland Magazine,2025-05-27T17:01:06Z,7.08,26641,2267,217,https://www.youtube.com/watch?v=og53LdCFekI,og53LdCFekI,,,,,,,
"MOSES ITAUMA HE'D KNOCK USYK OUT | EP122 | talkBOXING with Simon Jordan, Spencer Oliver & Paul Smith",talkSPORT Boxing,2025-05-27T19:32:17Z,48.02,25361,296,330,https://www.youtube.com/watch?v=Ddat5o_CRCs,Ddat5o_CRCs,,,,,,,
ã€æ¯æ—¥å¿…çœ‹ã€‘é˜¿å¬¤å‰›éä¸–!å®¶å¯§å†·è¡€å–Šã€Œæˆ‘å‡ºåœ‹è¦èŠ±25è¬ã€Andyå›æ“Šï½œå®¶å¯§ç”·é–¨å¯†å…¨èªªäº†!å‡ºåœ‹å„ä»˜å„çš„ é›£å¿ã€Œ1äº‹ã€å‹æƒ…æ±ºè£‚ 20250528,ä¸­å¤©æ–°è,2025-05-28T02:05:07Z,9.13,21859,133,120,https://www.youtube.com/watch?v=ywhCvVJNph4,ywhCvVJNph4,,,,,,,
TRANSPORTING PIXAR CARS & FRUITS WITH COLORED & JOHN DEERE vs CLAAS vs TRACTORS - BeamNG.drive #962,McQueen BeamNG Drive,2025-05-28T07:16:01Z,91.0,21505,74,0,https://www.youtube.com/watch?v=dZqL55kP-5A,dZqL55kP-5A,,,,,,,
Dallas Stars vs. Edmonton Oilers Game 4 | Western Conference Final | Full Game Highlights,NHL on ESPN,2025-05-28T02:56:02Z,17.93,20491,312,153,https://www.youtube.com/watch?v=Hrco7tKNwkw,Hrco7tKNwkw,,,,,,,
ByuN's New BRUTAL Cyclone Rush All-In! StarCraft 2,LowkoTV,2025-05-27T17:59:04Z,33.43,19314,794,59,https://www.youtube.com/watch?v=0jxx0Wqvacc,0jxx0Wqvacc,,,,,,,
Red Sox vs. Brewers Game Highlights (5/27/25) | MLB Highlights,MLB,2025-05-28T04:09:51Z,9.97,19128,430,54,https://www.youtube.com/watch?v=XbzEEgvywSQ,XbzEEgvywSQ,,,,,,,
Naging VIP ako sa BROOKHAVEN! (BROOKHAVEN RP TAGALOG),Chesca_YT,2025-05-28T05:22:53Z,12.63,18832,578,74,https://www.youtube.com/watch?v=Gz7R7yqsIzk,Gz7R7yqsIzk,,,,,,,
EVERY Chelsea Goal To Reach The Conference League Final! ğŸ˜,UEFA,2025-05-27T16:30:06Z,9.4,18275,818,54,https://www.youtube.com/watch?v=GcvLB0ZNvtE,GcvLB0ZNvtE,,,,,,,
"TRá»°C TIáº¾P phÃ¡t biá»ƒu cá»§a TT PhÃ¡p: â€œTÃ¡i sinh áº£nh hÆ°á»Ÿngâ€ táº¡i Viá»‡t Nam, tung loáº¡t Ä‘Ã²n chiáº¿n lÆ°á»£c má»›i",BNC Now,2025-05-28T07:07:34Z,715.0,17808,152,2,https://www.youtube.com/watch?v=Y0PbjHI7Xcw,Y0PbjHI7Xcw,,,,,,,
My Day With SMR | MY Skin Care Routine & Products â™¥ï¸,Simran Mahi,2025-05-28T05:26:37Z,11.65,17574,2761,100,https://www.youtube.com/watch?v=0SnXVHy2naE,0SnXVHy2naE,,,,,,,
[í’€ë²„ì „] 5ì›” 28ì¼ (ìˆ˜) #ì‹ í†µë°©í†µ - ë§ˆì§€ë§‰ë„ ì§„í™íƒ• ëœ TVí† ë¡  / 'ì»¤í”¼ 120ì›' í˜„ìˆ˜ë§‰ ê°‘ë¡ ì„ë°• / êµ³ì–´ì§€ëŠ” 3ì ëŒ€ê²° êµ¬ë„,ë‰´ìŠ¤TVCHOSUN,2025-05-28T01:20:11Z,75.92,16593,367,25,https://www.youtube.com/watch?v=Fv9ls8Q3sN8,Fv9ls8Q3sN8,,,,,,,
I Took my Wife to the BIGGEST race in Americaâ€¦FULL ACCESS! *INDY 500!!*,Dustin Williams,2025-05-27T18:31:13Z,29.52,13453,1114,89,https://www.youtube.com/watch?v=tVm8oz5LN78,tVm8oz5LN78,,,,,,,
More vehicles exempted from looming odd-even scheme on EDSA | ANC,ANC 24/7,2025-05-28T05:14:05Z,26.85,10791,99,27,https://www.youtube.com/watch?v=LQ5ie8T27_E,LQ5ie8T27_E,,,,,,,
ROYALS IN SHOCK! KING CHARLES' CANCER TREATMENT DETAILS LEAKED DURING CANADA TOUR!,British Royal Family,2025-05-27T19:00:13Z,10.97,10175,385,27,https://www.youtube.com/watch?v=DBZer7jt08A,DBZer7jt08A,,,,,,,
Marcos confirms he has made choice for new PNP Chief | ANC,ANC 24/7,2025-05-28T05:08:31Z,26.85,6308,112,36,https://www.youtube.com/watch?v=z7V0iIg2MX4,z7V0iIg2MX4,,,,,,,
[LIVE] ëŒ€ì„  ì‚¬ì „íˆ¬í‘œ D-1..ì„œìš¸Â·ì˜ë‚¨ ì§‘ì¤‘ ìœ ì„¸ / ë§ˆì§€ë§‰ TVí† ë¡ ë„ ë‚œíƒ€ì „..ì´ì¤€ì„ 'ì—¬ì„± ì‹ ì²´' ë°œì–¸ ë…¼ë€ - í¸ìƒìš±ì˜ ë‰´ìŠ¤ë¸Œë¦¬í•‘ 5/28(ìˆ˜),SBS ë‰´ìŠ¤,2025-05-28T06:54:57Z,101.0,4766,42,1,https://www.youtube.com/watch?v=11WRJs6ZMWg,11WRJs6ZMWg,,,,,,,
ç¸½è£æ‹’çµ•å…¨æµ·åŸååª›ï¼Œå»è¢«ä¸Šé–€ä¿®çª—ç°¾çš„å–®è¦ªåª½è¿·ä½ï¼ä»–ç•¶å ´ç ´é˜²ï¼Œç ¸åƒè¬æŠŠå¥¹å¯µä¸Šå¤©ï¼#ç¸½è£ #ç”œå¯µ #é€†è¥²,å¯å¯åŠ‡å ´,2025-05-28T04:07:00Z,142.43,4658,71,0,https://www.youtube.com/watch?v=AIBDh37c464,AIBDh37c464,,,,,,,
"TV Patrol Express May 28, 2025",ABS-CBN News,2025-05-28T09:03:53Z,20.35,3637,74,0,https://www.youtube.com/watch?v=7EEe3a7J38E,7EEe3a7J38E,,,,,,,
é€£å‡æ•ˆæ‡‰?ç¾ç§‘å‹æš.å°è‚¡123æœ¨é ­äºº!ç‰¹åŒ–.ABFç†„ç« é˜²ç–«.è¼é”å€‘ç«„å‡º!æ—¥æ“¬æ¡è³¼ç¾åœ‹1å…†æ—¥åœ“åŠå°é«”!ï½œ20250528(ç¬¬1/8æ®µ)è‚¡å¸‚ç¾å ´*é„­æ˜å¨Ÿ(èƒ¡æ¯“æ£ Ã—éŒ¢å† å·Ã—ç›§æ˜±è¡¡),éå‡¡ è‚¡å¸‚ç¾å ´,2025-05-28T08:06:17Z,17.97,1715,48,0,https://www.youtube.com/watch?v=kV2r6pcWgjg,kV2r6pcWgjg,,,,,,,
